<?xml version="1.0"?>
<FileMetadata xmlns:xsd="http://www.w3.org/2001/XMLSchema" xmlns:xsi="http://www.w3.org/2001/XMLSchema-instance" DocumentType="Analysis" SchemaVersion="1.0" CompatibilityVersion="7.9;7.8;7.7">
  <Contents>
    <Property ArchiveElementType="AnalysisDocument" Version="7.9" ArchiveElementPath="AnalysisDocument.xml" />
    <Property ArchiveElementType="AnalysisDocument" Version="7.8" ArchiveElementPath="7.8-AnalysisDocument.xml" />
    <Property ArchiveElementType="AnalysisDocument" Version="7.7" ArchiveElementPath="7.7-AnalysisDocument.xml" />
    <Property ArchiveElementType="EmbeddedResources" Version="7.9;7.8;7.7" ArchiveElementPath="EmbeddedResources.xml" />
  </Contents>
  <Properties>
    <Property Key="SavedByAssemblyFileVersion" Value="30.0.11202.4281" />
    <Property Key="EmbeddedDataFormatVersion" Value="2" />
  </Properties>
</FileMetadata>