﻿<?xml version="1.0" encoding="utf-8"?>
<Package SchemaVersion="2.0" Name="JSViz Web Package_OBSOLETE" Version="2.4.0.1" LastModified="2017-02-20T15:15:40.8634511Z" SeriesId="2948ad43-5ddd-4d4e-ae43-dbbe5dbfd37b" InstanceId="c3f71ced-ed58-4557-b83f-1cf7e4fab840" CabinetName="JSViz Web Package_OBSOLETE.cab" Type="Module">
  <Files />
  <Assemblies />
  <ClientModule>
    <id>2948ad43-5ddd-4d4e-ae43-dbbe5dbfd37b</id>
    <name>JSViz Web Package_OBSOLETE</name>
    <version>2.4.0.1</version>
    <intendedClient>Forms</intendedClient>
  </ClientModule>
</Package>