﻿<?xml version="1.0" encoding="utf-8"?>
<Package SchemaVersion="2.0" Name="JSViz Web Package_OBSOLETE" Version="2.4.0.1" LastModified="2017-08-10T12:51:39.7022308Z" SeriesId="2948ad43-5ddd-4d4e-ae43-dbbe5dbfd37b" InstanceId="d4b9a589-1fca-4986-aec3-bcb288e2fbfb" CabinetName="JSViz Web Package_OBSOLETE.cab" Type="Module">
  <Files />
  <Assemblies />
  <ClientModule>
    <id>2948ad43-5ddd-4d4e-ae43-dbbe5dbfd37b</id>
    <name>JSViz Web Package_OBSOLETE</name>
    <version>2.4.0.1</version>
    <intendedClient>Forms</intendedClient>
  </ClientModule>
</Package>